ACLHF,ACLHF,1/27/2025
ACNDF,ACNDF,1/27/2025
ACTHD,ACTHD,1/27/2025
ACTHF,ACTHF,1/27/2025
AMBZ,AMBZ,1/27/2025
ARE,Alexandria Real Estate Equities Inc,1/27/2025
ARLP,Alliance Resource Partners LP,1/27/2025
ARYMF,ARYMF,1/27/2025
ASA,ASA Gold and Precious Metals Ltd,1/27/2025
AUBN,Auburn National Bancorp Inc,1/27/2025
AZASF,AZASF,1/27/2025
BEN,Franklin Resources Inc,1/27/2025
BLMWF,BLMWF,1/27/2025
BMRC,Bank of Marin Bancorp,1/27/2025
BNNHF,BNNHF,1/27/2025
BPAIF,BPAIF,1/27/2025
BPAIF,BPAIF,1/27/2025
BRRE,BRRE,1/27/2025
BSRR,Sierra Bancorp,1/27/2025
BSVN,Bank7 Corp,1/27/2025
BTRYF,BTRYF,1/27/2025
CADE,Cadence Bancorporation - Class A,1/27/2025
CADE-PA,CADE-PA,1/27/2025
CALX,Calix Inc,1/27/2025
CCEC,Capital Clean Energy Carriers Corp,1/27/2025
CDLX,Cardlytics Inc,1/27/2025
CHKKF,CHKKF,1/27/2025
CLDHF,CLDHF,1/27/2025
CLF,Cleveland-Cliffs Inc,1/27/2025
CLS,Celestica Inc,1/27/2025
CNAF,CNAF,1/27/2025
CODA,Coda Octopus Group Inc,1/27/2025
CRSTF,CRSTF,1/27/2025
CRVL,Corvel Corp,1/27/2025
CSWC,Capital Southwest Corp,1/27/2025
CTVEF,CTVEF,1/27/2025
CZWI,Citizens Community Bancorp Inc MD,1/27/2025
DGTHD,DGTHD,1/27/2025
DGTHF,DGTHF,1/27/2025
DIFTY,DIFTY,1/27/2025
DITTF,DITTF,1/27/2025
DX,Dynex Capital Inc,1/27/2025
DX-PC,DX-PC,1/27/2025
EFGSF,EFGSF,1/27/2025
EFGSY,EFGSY,1/27/2025
ELS,Equity Lifestyle Properties Inc,1/27/2025
ESIFF,ESIFF,1/27/2025
FETM,FETM,1/27/2025
FFIV,F5 Inc,1/27/2025
FFMH,FFMH,1/27/2025
FINW,FinWise Bancorp,1/27/2025
FMBM,FMBM,1/27/2025
FNRN,FNRN,1/27/2025
FRGGF,FRGGF,1/27/2025
FRGGF,FRGGF,1/27/2025
GABC,German American Bancorp Inc,1/27/2025
GAILF,GAILF,1/27/2025
GBBGF,GBBGF,1/27/2025
GCXXF,GCXXF,1/27/2025
GCXXF,GCXXF,1/27/2025
GGG,Graco Inc,1/27/2025
GGTHF,GGTHF,1/27/2025
GPOVF,GPOVF,1/27/2025
HITI,High Tide Inc,1/27/2025
HLIT,Harmonic Inc,1/27/2025
HMST,HomeStreet Inc,1/27/2025
HP,Helmerich & Payne Inc,1/27/2025
HTLF,Heartland Financial USA Inc,1/27/2025
HTLFP,Heartland Financial USA Inc,1/27/2025
IDWM,IDWM,1/27/2025
IRBT,Irobot Corp,1/27/2025
IRVRF,IRVRF,1/27/2025
ITCTY,ITCTY,1/27/2025
KDKGF,KDKGF,1/27/2025
KLGDF,KLGDF,1/27/2025
KTHN,KTHN,1/27/2025
LUXFF,LUXFF,1/27/2025
MARVF,MARVF,1/27/2025
MPCMF,MPCMF,1/27/2025
MSTXF,MSTXF,1/27/2025
NBMFF,NBMFF,1/27/2025
NEXNF,NEXNF,1/27/2025
NOSUF,NOSUF,1/27/2025
NUE,Nucor Corp,1/27/2025
NWFL,Norwood Financial Corp,1/27/2025
NXSCF,NXSCF,1/27/2025
OCGSF,OCGSF,1/27/2025
PBSV,PBSV,1/27/2025
PCH,PotlatchDeltic Corp,1/27/2025
PHG,Koninklijke Philips N.V.,1/27/2025
PMHG,PMHG,1/27/2025
PPBI,Pacific Premier Bancorp Inc,1/27/2025
PROV,Provident Financial Holdings Inc,1/27/2025
PWOD,Penns Woods Bancorp Inc,1/27/2025
RDTCF,RDTCF,1/27/2025
RGNLF,RGNLF,1/27/2025
RYAAY,Ryanair Holdings Plc,1/27/2025
RYAOF,RYAOF,1/27/2025
RYLPF,RYLPF,1/27/2025
SANM,Sanmina Corp,1/27/2025
SCTSF,SCTSF,1/27/2025
SEOVF,SEOVF,1/27/2025
SEPOF,SEPOF,1/27/2025
SFBS,ServisFirst Bancshares Inc,1/27/2025
SGLMF,SGLMF,1/27/2025
SIUAF,SIUAF,1/27/2025
SLNFF,SLNFF,1/27/2025
SMBC,Southern Missouri Bancorp Inc,1/27/2025
SMCI,Super Micro Computer Inc,1/27/2025
SOFI,SoFi Technologies Inc,1/27/2025
STXPF,STXPF,1/27/2025
SVBL,SVBL,1/27/2025
TBVPF,TBVPF,1/27/2025
TBVPY,TBVPY,1/27/2025
TCVNF,TCVNF,1/27/2025
TFSL,TFS Financial Corporation,1/27/2025
THSGF,THSGF,1/27/2025
THSGF,THSGF,1/27/2025
TKGBY,TKGBY,1/27/2025
TOGOF,TOGOF,1/27/2025
TOPCF,TOPCF,1/27/2025
TOPCY,TOPCY,1/27/2025
TRNS,Transcat Inc,1/27/2025
TWO,Two Harbors Investment Corp,1/27/2025
TWO-PA,TWO-PA,1/27/2025
TWO-PB,TWO-PB,1/27/2025
TWO-PC,TWO-PC,1/27/2025
UPIPF,UPIPF,1/27/2025
USSHF,USSHF,1/27/2025
VLMGF,VLMGF,1/27/2025
VPHIF,VPHIF,1/27/2025
WHR,Whirlpool Corp,1/27/2025
WWD,Woodward Inc,1/27/2025
XBRAF,XBRAF,1/27/2025
AITUY,AITUY,1/28/2025
AKO-A,Embotelladora Andina S.A.,1/28/2025
AKO-B,Embotelladora Andina S.A.,1/28/2025
ALBY,ALBY,1/28/2025
ANICD,ANICD,1/28/2025
APAM,Artisan Partners Asset Management Inc - Class A,1/28/2025
APELY,APELY,1/28/2025
ARRJF,ARRJF,1/28/2025
ASH,Ashland Inc,1/28/2025
ATGE,Adtalem Global Education Inc,1/28/2025
ATLCY,ATLCY,1/28/2025
ATLFF,ATLFF,1/28/2025
ATLKY,ATLKY,1/28/2025
ATLPF,ATLPF,1/28/2025
AX,Axos Financial Inc,1/28/2025
BBAJF,BBAJF,1/28/2025
BBVA,Banco Bilbao Vizcaya Argentaria.,1/28/2025
BBVXF,BBVXF,1/28/2025
BXP,Boston Properties Inc,1/28/2025
CAC,Camden National Corp,1/28/2025
CAJFF,CAJFF,1/28/2025
CAJPY,CAJPY,1/28/2025
CALB,CALB,1/28/2025
CATC,CATC,1/28/2025
CB,Chubb Ltd,1/28/2025
CCB,Coastal Financial Corp,1/28/2025
CCGFF,CCGFF,1/28/2025
CEGHF,CEGHF,1/28/2025
CFOK,CFOK,1/28/2025
CJPRF,CJPRF,1/28/2025
CJPRY,CJPRY,1/28/2025
CP,Canadian Pacific Kansas City Ltd,1/28/2025
CVLT,Commvault Systems Inc,1/28/2025
CZBT,CZBT,1/28/2025
CZFS,Citizens Financial Services Inc,1/28/2025
DEO,Diageo plc,1/28/2025
DGEAF,DGEAF,1/28/2025
DSKYF,DSKYF,1/28/2025
DSNKY,DSNKY,1/28/2025
EEENF,EEENF,1/28/2025
ENVA,Enova International Inc,1/28/2025
EOPSF,EOPSF,1/28/2025
EOPSY,EOPSY,1/28/2025
EQR,Equity Residential Properties Trust,1/28/2025
ESBS,ESBS,1/28/2025
EXSR,EXSR,1/28/2025
FARYF,FARYF,1/28/2025
FBIN,Fortune Brands Innovations Inc,1/28/2025
FCAP,First Capital Inc,1/28/2025
FCF,First Commonwealth Financial Corp,1/28/2025
FFTTF,FFTTF,1/28/2025
FNCB,FNCB,1/28/2025
FNWD,Finward Bancorp,1/28/2025
FRAF,Franklin Financial Services Corp,1/28/2025
FRSB,FRSB,1/28/2025
FSFG,First Savings Financial Group Inc,1/28/2025
GBFH,GBFH,1/28/2025
GCWOF,GCWOF,1/28/2025
GLW,Corning Inc,1/28/2025
GM,General Motors Company,1/28/2025
GNGBF,GNGBF,1/28/2025
GNGBY,GNGBY,1/28/2025
GOOG,Alphabet Inc - Class C,1/28/2025
GOOGL,Alphabet Inc - Class A,1/28/2025
HA,HA,1/28/2025
HCA,HCA Healthcare Inc,1/28/2025
HE,Hawaiian Electric Industries Inc,1/28/2025
HLPPF,HLPPF,1/28/2025
HLPPY,HLPPY,1/28/2025
HMNKF,HMNKF,1/28/2025
HNLGF,HNLGF,1/28/2025
HNLGY,HNLGY,1/28/2025
HONE,HarborOne Bancorp Inc,1/28/2025
HOPE,Hope Bancorp Inc,1/28/2025
HUBB,Hubbell Inc,1/28/2025
HWBK,Hawthorn Bancshares Inc,1/28/2025
IBADF,IBADF,1/28/2025
IFFOF,IFFOF,1/28/2025
IROQ,IF Bancorp Inc,1/28/2025
JBLU,Jetblue Airways Corp,1/28/2025
JNPR,Juniper Networks Inc,1/28/2025
JSGCF,JSGCF,1/28/2025
JSGRY,JSGRY,1/28/2025
KKOYF,KKOYF,1/28/2025
KKOYY,KKOYY,1/28/2025
KMTUF,KMTUF,1/28/2025
KMTUY,KMTUY,1/28/2025
KOTMF,KOTMF,1/28/2025
KOTMY,KOTMY,1/28/2025
KREVF,KREVF,1/28/2025
KRMKF,KRMKF,1/28/2025
KSPHF,KSPHF,1/28/2025
LC,LendingClub Corp,1/28/2025
LFUS,Littelfuse Inc,1/28/2025
LFVN,Lifevantage Corporation,1/28/2025
LIOEF,LIOEF,1/28/2025
LRSRF,LRSRF,1/28/2025
LTORY,LTORY,1/28/2025
LTOUF,LTOUF,1/28/2025
MAN,ManpowerGroup,1/28/2025
MANH,Manhattan Associates Inc,1/28/2025
MBUU,Malibu Boats Inc - Class A,1/28/2025
MDC,MDC,1/28/2025
MFIN,Medallion Financial Corp,1/28/2025
MILGF,MILGF,1/28/2025
MOD,Modine Manufacturing Company,1/28/2025
MPC,Marathon Petroleum Corp,1/28/2025
MPLX,MPLX LP,1/28/2025
MSCI,MSCI Inc,1/28/2025
MTCH,Match Group Inc - New,1/28/2025
MTRAF,MTRAF,1/28/2025
NBN,Northeast Bank,1/28/2025
NIPNF,NIPNF,1/28/2025
NIUWF,NIUWF,1/28/2025
NVR,NVR Inc,1/28/2025
NWPP,NWPP,1/28/2025
OKSCF,OKSCF,1/28/2025
OLCLF,OLCLF,1/28/2025
OLCLY,OLCLY,1/28/2025
OPHLF,OPHLF,1/28/2025
OPHLY,OPHLY,1/28/2025
OSGSF,OSGSF,1/28/2025
OSGSY,OSGSY,1/28/2025
OSK,Oshkosh Corp,1/28/2025
PCLB,PCLB,1/28/2025
PDLB,Ponce Financial Group Inc,1/28/2025
PEXNY,PEXNY,1/28/2025
PEXUF,PEXUF,1/28/2025
PFE,Pfizer Inc,1/28/2025
PHM,PulteGroup Inc,1/28/2025
PIERF,PIERF,1/28/2025
PII,Polaris Inc,1/28/2025
PLAZF,PLAZF,1/28/2025
PLOW,Douglas Dynamics Inc,1/28/2025
PNR,Pentair plc,1/28/2025
POWL,Powell Industries Inc,1/28/2025
PTOVF,PTOVF,1/28/2025
PTXLF,PTXLF,1/28/2025
PVBK,PVBK,1/28/2025
RDY,Dr. Reddy`s Laboratories Ltd,1/28/2025
RHI,Robert Half Inc,1/28/2025
RRBI,Red River Bancshares Inc,1/28/2025
SBUX,Starbucks Corp,1/28/2025
SCNLF,SCNLF,1/28/2025
SGIOF,SGIOF,1/28/2025
SGIOY,SGIOY,1/28/2025
SHEKF,SHEKF,1/28/2025
SHOFF,SHOFF,1/28/2025
SKCBY,SKCBY,1/28/2025
SKSUF,SKSUF,1/28/2025
SKSUY,SKSUY,1/28/2025
SSBI,Summit State Bank,1/28/2025
SSDIY,SSDIY,1/28/2025
SWDAF,SWDAF,1/28/2025
SWKS,Skyworks Solutions Inc,1/28/2025
SYK,Stryker Corp,1/28/2025
SYY,Sysco Corp,1/28/2025
TBBA,TBBA,1/28/2025
TER,Teradyne Inc,1/28/2025
THFF,First Financial Corp - Indiana,1/28/2025
TLTZF,TLTZF,1/28/2025
TLTZY,TLTZY,1/28/2025
TSGMF,TSGMF,1/28/2025
TSUKF,TSUKF,1/28/2025
TSUKY,TSUKY,1/28/2025
UMBF,UMB Financial Corp,1/28/2025
UTMD,Utah Medical Products Inc,1/28/2025
WAYN,WAYN,1/28/2025
WSBF,Waterstone Financial Inc,1/28/2025
WYNSF,WYNSF,1/28/2025
XVIPF,XVIPF,1/28/2025
XVIPY,XVIPY,1/28/2025
ZEOOY,ZEOOY,1/28/2025
ACJJF,ACJJF,1/29/2025
ACMMY,ACMMY,1/29/2025
ADP,Automatic Data Processing Inc,1/29/2025
ADTTF,ADTTF,1/29/2025
ADXRF,ADXRF,1/29/2025
AFL,Aflac Inc,1/29/2025
AIKCF,AIKCF,1/29/2025
ALGN,Align Technology Inc,1/29/2025
ALNPF,ALNPF,1/29/2025
ALNPY,ALNPY,1/29/2025
APYRF,APYRF,1/29/2025
ARAY,Accuray Inc,1/29/2025
ARMK,Aramark,1/29/2025
ASML,ASML Holding NV,1/29/2025
ASMLF,ASMLF,1/29/2025
ATBSF,ATBSF,1/29/2025
ATEYY,ATEYY,1/29/2025
ATHGF,ATHGF,1/29/2025
AUOTY,AUOTY,1/29/2025
AVB,Avalonbay Communities Inc,1/29/2025
AVT,Avnet Inc,1/29/2025
AVY,Avery Dennison Corp,1/29/2025
BA,Boeing Company,1/29/2025
BCDRF,BCDRF,1/29/2025
BFIN,Bankfinancial Corp,1/29/2025
BHE,Benchmark Electronics Inc,1/29/2025
BKZHF,BKZHF,1/29/2025
BKZHY,BKZHY,1/29/2025
BOOT,Boot Barn Holdings Inc,1/29/2025
BRBS,Blue Ridge Bankshares Inc (VA),1/29/2025
BRGAY,BRGAY,1/29/2025
BRRDF,BRRDF,1/29/2025
BSMAF,BSMAF,1/29/2025
BSX,Boston Scientific Corp,1/29/2025
BV,BrightView Holdings Inc,1/29/2025
CACC,Credit Acceptance Corp,1/29/2025
CBFV,CB Financial Services Inc,1/29/2025
CCOEF,CCOEF,1/29/2025
CCOEY,CCOEY,1/29/2025
CCS,Century Communities Inc,1/29/2025
CGKEF,CGKEF,1/29/2025
CGKEY,CGKEY,1/29/2025
CHRW,C.H. Robinson Worldwide Inc,1/29/2025
CHUEF,CHUEF,1/29/2025
CKOCF,CKOCF,1/29/2025
CLMEF,CLMEF,1/29/2025
CLOEF,CLOEF,1/29/2025
CMCO,Columbus Mckinnon Corp,1/29/2025
CMPR,Cimpress plc,1/29/2025
CMTDF,CMTDF,1/29/2025
CNMD,Conmed Corp,1/29/2025
COR,Cencora Inc,1/29/2025
CPF,Central Pacific Financial Corp,1/29/2025
CTVA,Corteva Inc,1/29/2025
CVGW,Calavo Growers Inc,1/29/2025
CYAGF,CYAGF,1/29/2025
CYGIY,CYGIY,1/29/2025
DAIDF,DAIDF,1/29/2025
DGII,Digi International Inc,1/29/2025
DHR,Danaher Corp,1/29/2025
DINRF,DINRF,1/29/2025
DLHC,DLH Holdings Corp,1/29/2025
DNPUF,DNPUF,1/29/2025
DSECF,DSECF,1/29/2025
DSEEY,DSEEY,1/29/2025
DTCGF,DTCGF,1/29/2025
EAT,Brinker International Inc,1/29/2025
EDRWY,EDRWY,1/29/2025
EFBI,EFBI,1/29/2025
EGHT,8X8 Inc,1/29/2025
EJPRF,EJPRF,1/29/2025
EJPRY,EJPRY,1/29/2025
EMFGF,EMFGF,1/29/2025
EVR,Evercore Inc - Class A,1/29/2025
EXCOF,EXCOF,1/29/2025
EXTR,Extreme Networks Inc,1/29/2025
EZPW,EZCorp Inc - Class A,1/29/2025
FELTY,FELTY,1/29/2025
FJTSF,FJTSF,1/29/2025
FJTSY,FJTSY,1/29/2025
FKYS,FKYS,1/29/2025
FLG,New York Community Bancorp Inc,1/29/2025
FLPRF,FLPRF,1/29/2025
FPCPF,FPCPF,1/29/2025
FRHYF,FRHYF,1/29/2025
FRSAF,FRSAF,1/29/2025
FTV,Fortive Corp,1/29/2025
GDLNF,GDLNF,1/29/2025
GIB,CGI Inc - Class A,1/29/2025
GMXTF,GMXTF,1/29/2025
GPI,Group 1 Automotive Inc,1/29/2025
GTIM,Good Times Restaurants Inc,1/29/2025
GULDF,GULDF,1/29/2025
HCLHF,HCLHF,1/29/2025
HES,Hess Corporation,1/29/2025
HESM,Hess Midstream LP - Class A,1/29/2025
HLMMF,HLMMF,1/29/2025
HLMNY,HLMNY,1/29/2025
HOCPF,HOCPF,1/29/2025
HOCPY,HOCPY,1/29/2025
HOKRF,HOKRF,1/29/2025
HTHIF,HTHIF,1/29/2025
HTHIY,HTHIY,1/29/2025
HTLD,Heartland Express Inc,1/29/2025
HWARF,HWARF,1/29/2025
HWKN,Hawkins Inc,1/29/2025
IBM,International Business Machines Corp,1/29/2025
IRRHF,IRRHF,1/29/2025
ITMPF,ITMPF,1/29/2025
JBSS,Sanfilippo (John B.) & Son Inc,1/29/2025
KAEPF,KAEPF,1/29/2025
KAEPY,KAEPY,1/29/2025
KELRF,KELRF,1/29/2025
KKPNF,KKPNF,1/29/2025
KKPNY,KKPNY,1/29/2025
KNDEF,KNDEF,1/29/2025
KSBI,KSBI,1/29/2025
KYOIF,KYOIF,1/29/2025
KYSEF,KYSEF,1/29/2025
KYSEY,KYSEY,1/29/2025
LARK,Landmark Bancorp Inc,1/29/2025
LCNB,LCNB Corp,1/29/2025
LGHHF,LGHHF,1/29/2025
LGHMF,LGHMF,1/29/2025
LII,Lennox International Inc,1/29/2025
LNKB,Linkbancorp Inc,1/29/2025
LOIMF,LOIMF,1/29/2025
LRCX,Lam Research Corp,1/29/2025
LSBK,Lake Shore Bancorp,1/29/2025
LSRCF,LSRCF,1/29/2025
LSRCY,LSRCY,1/29/2025
LSTR,Landstar System Inc,1/29/2025
LZAGF,LZAGF,1/29/2025
LZAGY,LZAGY,1/29/2025
MAWAF,MAWAF,1/29/2025
MBIN,Merchants Bancorp,1/29/2025
MBINM,Merchants Bancorp,1/29/2025
MBINN,Merchants Bancorp Depositary Shares 6.00 Fixed Rate Series C NonCumulative Perpetual Preferred Stock,1/29/2025
MBINO,Merchants Bancorp,1/29/2025
MBLU,MBLU,1/29/2025
MEOH,Methanex Corp,1/29/2025
MET,Metlife Inc,1/29/2025
MET-PA,MET-PA,1/29/2025
MET-PE,MET-PE,1/29/2025
MET-PF,MET-PF,1/29/2025
MHO,MI Homes Inc,1/29/2025
MKEWF,MKEWF,1/29/2025
MKL,Markel Group Inc,1/29/2025
MKTAY,MKTAY,1/29/2025
MKTX,MarketAxess Holdings Inc,1/29/2025
MNXBF,MNXBF,1/29/2025
MSFT,Microsoft Corporation,1/29/2025
MTG,MGIC Investment Corp,1/29/2025
MTH,Meritage Homes Corp,1/29/2025
MTHRF,MTHRF,1/29/2025
MTHRY,MTHRY,1/29/2025
MXL,MaxLinear Inc,1/29/2025
NAVI,Navient Corp,1/29/2025
NDAQ,Nasdaq Inc - 144A,1/29/2025
NEU,NewMarket Corp,1/29/2025
NGKIF,NGKIF,1/29/2025
NGKSF,NGKSF,1/29/2025
NGKSY,NGKSY,1/29/2025
NIPMY,NIPMY,1/29/2025
NMEHF,NMEHF,1/29/2025
NMR,Nomura Holdings Inc,1/29/2025
NNKEF,NNKEF,1/29/2025
NOMNF,NOMNF,1/29/2025
NOW,ServiceNow Inc,1/29/2025
NRILY,NRILY,1/29/2025
NRSCF,NRSCF,1/29/2025
NURAF,NURAF,1/29/2025
NURPF,NURPF,1/29/2025
NYCB,NYCB,1/29/2025
NYCB-PA,NYCB-PA,1/29/2025
ODFL,Old Dominion Freight Line Inc,1/29/2025
OKEPF,OKEPF,1/29/2025
OKUMF,OKUMF,1/29/2025
OTIS,Otis Worldwide Corp,1/29/2025
PCCOF,PCCOF,1/29/2025
PKNPF,PKNPF,1/29/2025
POLCQ,POLCQ,1/29/2025
PPERF,PPERF,1/29/2025
PPERY,PPERY,1/29/2025
PSX,Phillips 66,1/29/2025
PTC,PTC Inc,1/29/2025
PYMOF,PYMOF,1/29/2025
QRVO,Qorvo Inc,1/29/2025
RDCM,Radcom,1/29/2025
RGS,Regis Corp,1/29/2025
ROK,Rockwell Automation Inc,1/29/2025
ROP,Roper Technologies Inc,1/29/2025
RSNHF,RSNHF,1/29/2025
RYN,Rayonier Inc,1/29/2025
SAN,Banco Santander S.A.,1/29/2025
SAOGF,SAOGF,1/29/2025
SATLF,SATLF,1/29/2025
SEIC,SEI Investments Company,1/29/2025
SGCSF,SGCSF,1/29/2025
SHBI,Shore Bancshares Inc,1/29/2025
SHEGF,SHEGF,1/29/2025
SIGI,Selective Insurance Group Inc,1/29/2025
SIGIP,Selective Insurance Group Inc Depositary Shares each representing a 11000th interest in a share of 4.60 NonCumulative Preferred Stock Series B,1/29/2025
SLGN,Silgan Holdings Inc,1/29/2025
SMDPY,SMDPY,1/29/2025
SMG,Scotts Miracle-Gro Company - Class A,1/29/2025
SMSSY,SMSSY,1/29/2025
SMSZF,SMSZF,1/29/2025
SNCY,Sun Country Airlines Holdings Inc,1/29/2025
SNKUF,SNKUF,1/29/2025
SRHYY,SRHYY,1/29/2025
SRTTY,SRTTY,1/29/2025
SSAAF,SSAAF,1/29/2025
SSAAY,SSAAY,1/29/2025
SSNLF,SSNLF,1/29/2025
SSPPF,SSPPF,1/29/2025
SUTNY,SUTNY,1/29/2025
SYAAF,SYAAF,1/29/2025
TEPCF,TEPCF,1/29/2025
TEPCY,TEPCY,1/29/2025
TEVA,Teva- Pharmaceutical Industries Ltd,1/29/2025
TEVJF,TEVJF,1/29/2025
THG,Hanover Insurance Group Inc,1/29/2025
TKCHF,TKCHF,1/29/2025
TKECF,TKECF,1/29/2025
TKECY,TKECY,1/29/2025
TKYMY,TKYMY,1/29/2025
TOKTF,TOKTF,1/29/2025
TOTDF,TOTDF,1/29/2025
TOTDY,TOTDY,1/29/2025
TRCLF,TRCLF,1/29/2025
TRCSY,TRCSY,1/29/2025
TSHMF,TSHMF,1/29/2025
TSHMY,TSHMY,1/29/2025
TSLA,Tesla Inc,1/29/2025
TTDKF,TTDKF,1/29/2025
TTDKY,TTDKY,1/29/2025
TTEK,Tetra Tech Inc,1/29/2025
UFI,UNIFI Inc,1/29/2025
UGI,UGI Corp,1/29/2025
UGIC,UGIC,1/29/2025
VALIF,VALIF,1/29/2025
VSTO,VSTO,1/29/2025
WACMF,WACMF,1/29/2025
WACMY,WACMY,1/29/2025
WCHEF,WCHEF,1/29/2025
WJRYF,WJRYF,1/29/2025
WJRYY,WJRYY,1/29/2025
WOLF,Wolfspeed Inc,1/29/2025
XBOTF,XBOTF,1/29/2025
AAFRF,AAFRF,1/30/2025
AAPL,Apple Inc,1/30/2025
AARTY,AARTY,1/30/2025
ABBNY,ABBNY,1/30/2025
ABIO,ABIO,1/30/2025
ABLZF,ABLZF,1/30/2025
ACDSF,ACDSF,1/30/2025
AFBI,Affinity Bancshares Inc,1/30/2025
AIDG,AIDG,1/30/2025
AKBTY,AKBTY,1/30/2025
ALGM,Allegro Microsystems Inc,1/30/2025
AMBBY,AMBBY,1/30/2025
AMBFF,AMBFF,1/30/2025
AOS,A.O. Smith Corp,1/30/2025
AOZOF,AOZOF,1/30/2025
AOZOY,AOZOY,1/30/2025
APTV,Aptiv PLC,1/30/2025
AROW,Arrow Financial Corp,1/30/2025
ASEKY,ASEKY,1/30/2025
ATI,ATI Inc,1/30/2025
ATKR,Atkore Inc,1/30/2025
AXFOF,AXFOF,1/30/2025
AXFOY,AXFOY,1/30/2025
BALL,Ball Corp,1/30/2025
BC,Brunswick Corp,1/30/2025
BCAL,Southern Calif Bancorp,1/30/2025
BDX,Becton Dickinson & Company,1/30/2025
BIP,Brookfield Infrastructure Partners L.P,1/30/2025
BIP-PA,BIP-PA,1/30/2025
BIP-PB,BIP-PB,1/30/2025
BIPC,Brookfield Infrastructure Corp (Exchangeable Shares) - Class A,1/30/2025
BNCPY,BNCPY,1/30/2025
BNDSF,BNDSF,1/30/2025
BNDSY,BNDSY,1/30/2025
BR,Broadridge Financial Solutions Inc,1/30/2025
BRBR,Bellring Brands Inc,1/30/2025
BRUZF,BRUZF,1/30/2025
BSFO,BSFO,1/30/2025
BSIG,BSIG,1/30/2025
BZH,Beazer Homes USA Inc,1/30/2025
CAH,Cardinal Health Inc,1/30/2025
CFNB,CFNB,1/30/2025
CHGCF,CHGCF,1/30/2025
CHGCY,CHGCY,1/30/2025
CHT,Chunghwa Telecom,1/30/2025
CIAFF,CIAFF,1/30/2025
CLFD,Clearfield Inc,1/30/2025
CLX,Clorox Company,1/30/2025
CMS,CMS Energy Corporation,1/30/2025
CMS-PB,CMS-PB,1/30/2025
CMS-PC,CMS-PC,1/30/2025
CNIKF,CNIKF,1/30/2025
COUR,Coursera Inc,1/30/2025
CPT,Camden Property Trust,1/30/2025
CRS,Carpenter Technology Corp,1/30/2025
CSWI,CSW Industrials Inc,1/30/2025
CVCO,Cavco Industries Inc,1/30/2025
CYJBF,CYJBF,1/30/2025
CYJBY,CYJBY,1/30/2025
DB,Deutsche Bank AG,1/30/2025
DECK,Deckers Outdoor Corp,1/30/2025
DGX,Quest Diagnostics Inc,1/30/2025
DLB,Dolby Laboratories Inc - Class A,1/30/2025
DLX,Deluxe Corp,1/30/2025
DNZOF,DNZOF,1/30/2025
DNZOY,DNZOY,1/30/2025
DOV,Dover Corp,1/30/2025
DOW,Dow Inc,1/30/2025
DTNOF,DTNOF,1/30/2025
DTNOY,DTNOY,1/30/2025
DXC,DXC Technology Company,1/30/2025
ECTXF,ECTXF,1/30/2025
EMN,Eastman Chemical Company,1/30/2025
ENSG,Ensign Group Inc,1/30/2025
EPD,Enterprise Products Partners L P,1/30/2025
EPIAF,EPIAF,1/30/2025
EPIPF,EPIPF,1/30/2025
EPKKY,EPKKY,1/30/2025
EPOKY,EPOKY,1/30/2025
ETN,Eaton Corporation plc,1/30/2025
EVBN,Evans Bancorp Inc,1/30/2025
EVGGF,EVGGF,1/30/2025
EVVTY,EVVTY,1/30/2025
FBAK,FBAK,1/30/2025
FISB,FISB,1/30/2025
FLWS,1-800 Flowers.com Inc - Class A,1/30/2025
FXNC,First National Corp (Strasburg VA),1/30/2025
GEN,Gen Digital Inc,1/30/2025
GLNS,GLNS,1/30/2025
GOOS,Canada Goose Holdings Inc (Subord Vot Shs),1/30/2025
GURNF,GURNF,1/30/2025
HIG,Hartford Financial Services Group Inc,1/30/2025
HIG-PG,HIG-PG,1/30/2025
HIHO,Highway Holdings Ltd,1/30/2025
HII,Huntington Ingalls Industries Inc,1/30/2025
HINOY,HINOY,1/30/2025
HLI,Houlihan Lokey Inc - Class A,1/30/2025
HMRZF,HMRZF,1/30/2025
HNNMY,HNNMY,1/30/2025
HOLX,Hologic Inc,1/30/2025
HON,Honeywell International Inc,1/30/2025
HROEY,HROEY,1/30/2025
HRSEF,HRSEF,1/30/2025
HUBG,Hub Group Inc - Class A,1/30/2025
IBIDF,IBIDF,1/30/2025
IBIDY,IBIDY,1/30/2025
IDDWF,IDDWF,1/30/2025
IMBBF,IMBBF,1/30/2025
IMBBY,IMBBY,1/30/2025
INGKY,INGKY,1/30/2025
INPAP,INPAP,1/30/2025
IP,International Paper Company,1/30/2025
ITW,Illinois Tool Works Inc,1/30/2025
JVCZY,JVCZY,1/30/2025
KAIKY,KAIKY,1/30/2025
KAKKF,KAKKF,1/30/2025
KEX,Kirby Corp,1/30/2025
KGMEF,KGMEF,1/30/2025
KLAC,KLA Corp,1/30/2025
KMPR,Kemper Corporation,1/30/2025
KNAMF,KNAMF,1/30/2025
KNCAF,KNCAF,1/30/2025
KNCAY,KNCAY,1/30/2025
KNKBF,KNKBF,1/30/2025
KONMY,KONMY,1/30/2025
KOSS,Koss Corp,1/30/2025
KPGHF,KPGHF,1/30/2025
KYOCF,KYOCF,1/30/2025
KYOCY,KYOCY,1/30/2025
LANC,Lancaster Colony Corp,1/30/2025
LEE,Lee Enterprises Inc,1/30/2025
LESL,Leslies Inc,1/30/2025
LPG,Dorian LPG Ltd,1/30/2025
LPLA,LPL Financial Holdings Inc,1/30/2025
MA,Mastercard Incorporated - Class A,1/30/2025
MARUF,MARUF,1/30/2025
MARUY,MARUY,1/30/2025
MATW,Matthews International Corp - Class A,1/30/2025
MCHP,Microchip Technology Inc,1/30/2025
META,Meta Platforms Inc - Class A,1/30/2025
MITSF,MITSF,1/30/2025
MITSY,MITSY,1/30/2025
MMTOF,MMTOF,1/30/2025
MMTOY,MMTOY,1/30/2025
MO,Altria Group Inc,1/30/2025
MSLOF,MSLOF,1/30/2025
MSLOY,MSLOY,1/30/2025
MTSI,MACOM Technology Solutions Holdings Inc,1/30/2025
MTX,Minerals Technologies Inc,1/30/2025
NATH,Nathan`s Famous Inc,1/30/2025
NECB,NorthEast Community Bancorp Inc,1/30/2025
NHMAF,NHMAF,1/30/2025
NOV,NOV Inc,1/30/2025
NPNGY,NPNGY,1/30/2025
NPTVF,NPTVF,1/30/2025
NTULF,NTULF,1/30/2025
OCSL,Oaktree Specialty Lending Corp,1/30/2025
OMVJF,OMVJF,1/30/2025
OMVKY,OMVKY,1/30/2025
ONEW,Onewater Marine Inc - Class A,1/30/2025
ORC,Orchid Island Capital Inc,1/30/2025
OTEX,Open Text Corp,1/30/2025
PBHC,Pathfinder Bancorp Inc,1/30/2025
PBI,Pitney Bowes Inc,1/30/2025
PFSI,PennyMac Financial Services Inc,1/30/2025
PGNT,PGNT,1/30/2025
PH,Parker-Hannifin Corp,1/30/2025
PHYS,Sprott Physical Gold Trust,1/30/2025
PMT,Pennymac Mortgage Investment Trust,1/30/2025
PMT-PA,PMT-PA,1/30/2025
PMT-PB,PMT-PB,1/30/2025
PMT-PC,PMT-PC,1/30/2025
POST,Post Holdings Inc,1/30/2025
PRKWF,PRKWF,1/30/2025
PSKRF,PSKRF,1/30/2025
PSKRY,PSKRY,1/30/2025
PTBS,PTBS,1/30/2025
PTON,Peloton Interactive Inc - Class A,1/30/2025
PTSI,PTSI,1/30/2025
QNTO,QNTO,1/30/2025
RACE,Ferrari N.V.,1/30/2025
RANKF,RANKF,1/30/2025
RAVE,Rave Restaurant Group Inc,1/30/2025
RCI,Rogers Communications Inc - Class B,1/30/2025
RCIAF,RCIAF,1/30/2025
RCL,Royal Caribbean Group,1/30/2025
RGA,Reinsurance Group Of America Inc,1/30/2025
RHHBF,RHHBF,1/30/2025
RHHBY,RHHBY,1/30/2025
RHHVF,RHHVF,1/30/2025
RLLMF,RLLMF,1/30/2025
ROHCF,ROHCF,1/30/2025
ROHCY,ROHCY,1/30/2025
RRETY,RRETY,1/30/2025
RTTNY,RTTNY,1/30/2025
RVTY,Revvity Inc,1/30/2025
RYDAF,RYDAF,1/30/2025
RZB,Reinsurance Group Of America Inc,1/30/2025
SBH,Sally Beauty Holdings Inc,1/30/2025
SEOAY,SEOAY,1/30/2025
SEOFF,SEOFF,1/30/2025
SEOJF,SEOJF,1/30/2025
SHEL,Shell Plc ADR (Representing - ),1/30/2025
SHW,Sherwin-Williams Company,1/30/2025
SILC,Silicom Ltd,1/30/2025
SIRI,Sirius XM Holdings Inc,1/30/2025
SKX,Skechers U S A Inc - Class A,1/30/2025
SKYW,Skywest Inc,1/30/2025
SMFG,Sumitomo Mitsui Financial Group Inc,1/30/2025
SMFNF,SMFNF,1/30/2025
SNDR,Schneider National Inc - Class B,1/30/2025
SPXCF,SPXCF,1/30/2025
SPXCY,SPXCY,1/30/2025
SR,Spire Inc,1/30/2025
SR-PA,SR-PA,1/30/2025
SRDX,Surmodics Inc,1/30/2025
SWK,Stanley Black & Decker Inc,1/30/2025
SXC,SunCoke Energy Inc,1/30/2025
SXI,Standex International Corp,1/30/2025
SYPLF,SYPLF,1/30/2025
TAK,Takeda Pharmaceutical Company,1/30/2025
TECH,Bio-Techne Corp,1/30/2025
THR,Thermon Group Holdings Inc,1/30/2025
TKPHF,TKPHF,1/30/2025
TSCO,Tractor Supply Company,1/30/2025
TYIDF,TYIDF,1/30/2025
TYIDY,TYIDY,1/30/2025
UPS,United Parcel Service Inc - Class B,1/30/2025
V,Visa Inc - Class A,1/30/2025
VIAV,Viavi Solutions Inc,1/30/2025
VSTKF,VSTKF,1/30/2025
VTRLY,VTRLY,1/30/2025
WDPSF,WDPSF,1/30/2025
WNC,Wabash National Corp,1/30/2025
WRK,WRK,1/30/2025
X,United States Steel Corp,1/30/2025
YMDAF,YMDAF,1/30/2025
ABBV,Abbvie Inc,1/31/2025
ADVNF,ADVNF,1/31/2025
AFXXF,AFXXF,1/31/2025
AICHF,AICHF,1/31/2025
BCH,Banco de Chile,1/31/2025
BEP,Brookfield Renewable Partners LP,1/31/2025
BEP-PA,BEP-PA,1/31/2025
BEPC,Brookfield Renewable Corporation - Class A - Class A (Sub Voting),1/31/2025
BKOR,BKOR,1/31/2025
BNCC,BNCC,1/31/2025
BOTJ,Bank of James Financial Group Inc,1/31/2025
BRENF,BRENF,1/31/2025
BSAC,Banco Santander Chile SA,1/31/2025
CBOE,Cboe Global Markets Inc,1/31/2025
CHBAY,CHBAY,1/31/2025
CHD,Church & Dwight Co. Inc,1/31/2025
CHTR,Charter Communications Inc - Class A,1/31/2025
CI,Cigna Group (The),1/31/2025
CLCFF,CLCFF,1/31/2025
CLCGY,CLCGY,1/31/2025
CVX,Chevron Corp,1/31/2025
DNKEY,DNKEY,1/31/2025
DNSKF,DNSKF,1/31/2025
DSHK,DSHK,1/31/2025
DSHKN,DSHKN,1/31/2025
DSHKO,DSHKO,1/31/2025
DSHKP,DSHKP,1/31/2025
EDINF,EDINF,1/31/2025
ELRXF,ELRXF,1/31/2025
ELUXY,ELUXY,1/31/2025
ENGDF,ENGDF,1/31/2025
FNFI,FNFI,1/31/2025
FNFPA,FNFPA,1/31/2025
GMBXF,GMBXF,1/31/2025
GMYYF,GMYYF,1/31/2025
GRC,Gorman-Rupp Company,1/31/2025
GWW,W.W. Grainger Inc,1/31/2025
HSQVY,HSQVY,1/31/2025
HTOCF,HTOCF,1/31/2025
HUQVF,HUQVF,1/31/2025
HUSQF,HUSQF,1/31/2025
HXGBF,HXGBF,1/31/2025
HXGBY,HXGBY,1/31/2025
IDDTF,IDDTF,1/31/2025
IDTVF,IDTVF,1/31/2025
IESC,IES Holdings Inc,1/31/2025
IMHDF,IMHDF,1/31/2025
IMO,Imperial Oil Ltd,1/31/2025
IREEF,IREEF,1/31/2025
IRJHF,IRJHF,1/31/2025
IRJHY,IRJHY,1/31/2025
JANL,JANL,1/31/2025
JAPSY,JAPSY,1/31/2025
JOUT,Johnson Outdoors Inc - Class A,1/31/2025
JPNRF,JPNRF,1/31/2025
JTEKF,JTEKF,1/31/2025
JTEKY,JTEKY,1/31/2025
KDDIF,KDDIF,1/31/2025
KDDIY,KDDIY,1/31/2025
KIYOF,KIYOF,1/31/2025
KNCRF,KNCRF,1/31/2025
KNCRY,KNCRY,1/31/2025
KYCCF,KYCCF,1/31/2025
LFABF,LFABF,1/31/2025
LFCBY,LFCBY,1/31/2025
LYB,LyondellBasell Industries NV - Class A,1/31/2025
MFG,Mizuho Financial Group Inc,1/31/2025
MINBY,MINBY,1/31/2025
MNBEF,MNBEF,1/31/2025
MONOF,MONOF,1/31/2025
MONOY,MONOY,1/31/2025
MRAAF,MRAAF,1/31/2025
MRAAY,MRAAY,1/31/2025
MZHOF,MZHOF,1/31/2025
NHNCF,NHNCF,1/31/2025
NHNKF,NHNKF,1/31/2025
NHNKY,NHNKY,1/31/2025
NIPKF,NIPKF,1/31/2025
NONEY,NONEY,1/31/2025
NPSKY,NPSKY,1/31/2025
NTTBF,NTTBF,1/31/2025
NVS,Novartis AG,1/31/2025
NVSEF,NVSEF,1/31/2025
NWKHY,NWKHY,1/31/2025
PCRFF,PCRFF,1/31/2025
PCRHY,PCRHY,1/31/2025
PIPR,Piper Sandler Co`s,1/31/2025
REGN,Regeneron Pharmaceuticals Inc,1/31/2025
SAIA,Saia Inc,1/31/2025
SCCO,Southern Copper Corporation,1/31/2025
SEKEF,SEKEF,1/31/2025
SEKEY,SEKEY,1/31/2025
SGGEF,SGGEF,1/31/2025
SGPYY,SGPYY,1/31/2025
SISI,Shineco Inc,1/31/2025
SKFRY,SKFRY,1/31/2025
SKUFF,SKUFF,1/31/2025
SOMMF,SOMMF,1/31/2025
SOMMY,SOMMY,1/31/2025
SOTHF,SOTHF,1/31/2025
STAEY,STAEY,1/31/2025
STECF,STECF,1/31/2025
SVJTL,SVJTL,1/31/2025
SZHFY,SZHFY,1/31/2025
TDBOF,TDBOF,1/31/2025
TDBOY,TDBOY,1/31/2025
TGOSY,TGOSY,1/31/2025
TKGSF,TKGSF,1/31/2025
TKGSY,TKGSY,1/31/2025
TMO,Thermo Fisher Scientific Inc,1/31/2025
TMOAF,TMOAF,1/31/2025
TMOAY,TMOAY,1/31/2025
TWST,Twist Bioscience Corp,1/31/2025
TYHOF,TYHOF,1/31/2025
TYNPF,TYNPF,1/31/2025
UNCFF,UNCFF,1/31/2025
UNCRY,UNCRY,1/31/2025
USLM,United States Lime & Minerals Inc,1/31/2025
VRTS,Virtus Investment Partners Inc,1/31/2025
WSTTF,WSTTF,1/31/2025
WT,WisdomTree Inc,1/31/2025
XOM,Exxon Mobil Corp,1/31/2025
